Title,Author,Upvotes,Comments Count,Post URL,Content
New Rule Update for r/GadetsIndia (MUST READ),pluto_N,41,22,https://www.reddit.com/r/GadgetsIndia/comments/1ho8gh8/new_rule_update_for_rgadetsindia_must_read/,"**Hey everyone we are making some changes please look for more in 'Rules' tab, Here's what you are to not do at all:**

* **No 'sale' related posts are allowed.** GadgetsIndia is not a place to sell you old/used smartphones or laptops use other trusted marketplace for this, doing this will get you instantly banned without any warning.
* **No self promotion.** As it says no self promotion or any other promotion of your or other page/social media.
* **Be nice, and engage in civil discourse.**
* **Please use good titles and an appropriate flair.**
* **Provide proper source for any news or claims.**"
Samsung Galaxy S25 Ultra vs Apple iPhone 16 Pro Max,pluto_N,100,29,https://i.redd.it/a74m0i0au2fe1.png,
I really should start sleeping early and not use my phone at 4 in the morning XD,mAverIck2012ap,49,60,https://i.redd.it/s9bpiqeon3fe1.png,The wait is grueling. 10 days to go T_T
Ambrane is a Scam ‚Äì Avoid Their Products!,teriyaki_tofu1,17,4,https://www.reddit.com/r/GadgetsIndia/comments/1i9ibx5/ambrane_is_a_scam_avoid_their_products/,"Bought an Ambrane Type-C to Type-C cable from Amazon, and it stopped working in less than 3 months. 

It has a 6-month warranty, but they‚Äôre asking me to visit a service center 200+ kms away from Mumbai to replace a ‚Çπ200 wire! They refuse to offer any help or solution.

Their warranty is a joke, and their products are cheap and unreliable. Avoid this brand at all costs!

None of their wires last for longer than 6-7 months. CHEAP BRAND !"
Is ios really better than andriod in terms of battery and performance ?,donraja_07,9,14,https://www.reddit.com/r/GadgetsIndia/comments/1i9l657/is_ios_really_better_than_andriod_in_terms_of/,"Planning to switch from android to ios 
Suggest me ios model for long term usage with good battery life   ( below 100k )"
Suggest phone under 55000,Training_Bottle,3,3,https://www.reddit.com/r/GadgetsIndia/comments/1i9nxu5/suggest_phone_under_55000/,"I am currently using Pixel 6a for almost two years now. I have noticed that battery quality has gone down very fast in last month or so. I use phone for calls, whatsapp, reddit mostly. Suggest what would be the best phone in this range (I am not spending from pocket.. company pays for phone every two years and 55k is the limit)."
Best mobile phones under 70k?,EeReddituAndreYenu,9,29,https://www.reddit.com/r/GadgetsIndia/comments/1i9ic4h/best_mobile_phones_under_70k/,Priorities are good camera and good battery life. Don't really play games or anything. 
Bought POCO X7 Pro... Ask me anything.,ak32009,13,52,https://www.reddit.com/gallery/1i9ftej,"INDIA version
6550 mah Battery, with 90W Charging Brick, usb Type A - Type C Cable and Back Cover
Price : 25K with Offers"
"Need help, is iso-Propyl Alcohol safe for display Cleaning?",Gadgetmaster_99,17,36,https://i.redd.it/s17kzsva72fe1.jpeg,Can I use directly isopropyl alcohol (By Putting in Cloth) for cleaning the display or any electronic Components?
What's wrong with these reviews on Amazon India,Emotional_Fox670,2,2,https://www.reddit.com/r/GadgetsIndia/comments/1i9o2k5/whats_wrong_with_these_reviews_on_amazon_india/,"I was looking to buy a robot vacuum cleaner and came across some products with over 10,000 reviews and a good rating of >= 4.3. However, upon reviewing the ratings and reviews, I noticed a suspicious pattern involving positive mentions of a ""Demo person"" and the ""Demo of the product by \[insert some person's name\]"" rather than the product itself. Most of these 5 star and ""verified purchase"" reviews are like ""Good demo given by......"".

I mean if someone is subjectively reviewing some product on Amazon, they'd focus on the product, and not the experience they had with the ""demo person"". There are more than 10,000 reviews and mostly every other review is like this. They specifically mention the name of the ""person who provided demo"", like who even remembers such details like the name of service/demo personnel who visit our home??

There are hundreds, if not thousands of reviews like this. I noticed some of these profiles, and they had entire review as their username itself, which further raises some red flags. I have provided some examples below and the link of this product. Few days ago I was looking for Dishwashers, and noticed the same pattern there as well. To summarize;

* **Strange Review Pattern:** Many verified purchase reviews focus on praising a person who gave a demo of the product, rather than discussing the product's performance.
* **Frequent Name Mentions:** Reviews repeatedly mention the demo person by name, which seems unusual for genuine product feedback. A normal user won't even take out that much time to praise the demo experience in form of a review on Amazon.
* **Volume of Such Reviews:** This pattern is not limited to a few reviews‚Äîthere are hundreds, if not thousands, of similar comments.
* The unusual focus on the demo experience and such peculiar details about the guy who gave the ""demo"" raises concerns about the authenticity of these reviews, especially since I‚Äôve seen similar patterns in reviews for other products like Dishwashers.
* **Consumer Concern:** Reliance on reviews for purchase decisions becomes problematic if such practices are widespread.

Could anyone clarify what might be happening here?

Here is link to the product: ([Link](https://www.amazon.in/ECOVACS-Powerful-Advanced-Navigation-Technology/dp/B0D17XGQX7/ref=sr_1_1_sspa?crid=2LCVZSUZTTEAO&dib=eyJ2IjoiMSJ9.0kND2LTZx-OW4a10YfgXj8Z8lt9byENFFz_cMeFk2-nhtcCcv3urxLZ5b5hy_n2nr9hkQwu9yJUW4G8HpFYm-h0idfQt4CcVTYqdwx8dl5fqsdsNVCXZRegnvpuJSJ5L37tYWENS3u7UAWzBXAnm7MNAXRmwNxUMGMtJx07WUQZHXhU90AL_0KmdQUmga8EtCglV_b-_cuXt0gjf97hvQA_ZswTJI6_NG9m625a41h0.j81fkX41_GBE8pYdJ5GKSWhWQ6fA9nSjdetecbYu-eE&dib_tag=se&keywords=ecovacs%2Bdeebot%2By1%2Bpro&nsdOptOutParam=true&qid=1737748947&sprefix=ecovac%2Caps%2C259&sr=8-1-spons&sp_csd=d2lkZ2V0TmFtZT1zcF9hdGY&th=1))

Here are some screenshots. I might be wrong, these could be genuine too. This is just my observation that I am sharing and I am not claiming that these are definitely fake or paid reviews.

One more disclaimer: I am in NO way claiming that these reviews are fake, just expressing my opinion here.

[Notice the username in the 5th review, is the review itself](https://preview.redd.it/0z68038og5fe1.jpg?width=587&format=pjpg&auto=webp&s=96ac42e8427a06a78732951d46babaa69756a960)

[The username of 2nd review is \\""Custom customer\\"", and 3rd username is \\""Fake products\\"". LOL](https://preview.redd.it/4gtxmo4rg5fe1.jpg?width=587&format=pjpg&auto=webp&s=a079dd97df2cec2dc23411e7f762033b7d61f0b4)

[This gentleman had too much free time to praise Nikhil's services on an Amazon review. ](https://preview.redd.it/gy11kfuvg5fe1.jpg?width=587&format=pjpg&auto=webp&s=c9ca7ddb609212fbdf1fbd2fdd2d0da2031c7c11)"
To buy a flagship or not,Lucifer0008,3,6,https://www.reddit.com/r/GadgetsIndia/comments/1i9lohw/to_buy_a_flagship_or_not/,"So I'm in market for new phone rn

Due to past experiences, im limiting myself to motorola, pixel and samsung (non Exynos) models only.

Budget isn't a constraint, so im confused as to which one to buy. 

My use case is going to be mostly daily driving, with lots of camera, social media and content streaming. I also want to use the device for video creation. Might as well do light editing work on the phone.

Now, I'm very used to the clean UI motorola provides and anything other than that is just a downgrade to me. I don't know which phone should I go for...

Moto 50 fusion: Is an amazing phone, but lacks that premium phone look 

Pixel 8 : tensor G3 underperforming it's genarations counterparts which consuming more battery seems like a compromise 

Pixel 9 : again the chip underperforming compared to snapdragon gen 3 feels like leaving value for money on the table 

S24 : unless I go for ultra, it's not worth it

S25 : a good option but I want to get something now and it's too new and untested in real world long term sense."
which powerbank to buy?,speedcuber05,3,15,https://i.redd.it/zv3d2sxkq4fe1.png,
"Should I buy the Galaxy S25 for ‚Çπ59,349?",episteme_137,81,179,https://i.redd.it/6jp2zftixyee1.jpeg,"I‚Äôm considering upgrading to the Galaxy S25, which is currently priced at ‚Çπ80,999. With an exchange value of ‚Çπ14,650 for my Galaxy A51 (used since 2020) and a Credit Card Discount of ‚Çπ7,000, the final price comes down to ‚Çπ59,349.

Now, here‚Äôs where I‚Äôm a bit conflicted:

1. Is the S25 worth it at this price, or are there better Samsung models with better deals that I should consider?


2. How on earth is my 5-year-old Galaxy A51 still fetching such a generous exchange value?



Would love to hear your thoughts before I make the jump!"
Planning to a good phone under 35k,Hevail973,7,26,https://www.reddit.com/r/GadgetsIndia/comments/1i9fvkx/planning_to_a_good_phone_under_35k/,"So I'm planning to gift myself something this year.

I didnt think much of cameras but I want it to be reliable. And I don't like miui.
I am believer of using phones for years, 4-5 or even more

How's the Pixel series in India?

Secondly 
Is s23 worth it in 2025? 

One plus is a bit too big for me and idk the cameras. For performance I do play genshin.

I just need answers to questions 

:D

EDIT:

Well last time the Pixel 8 went for 30k in BBD
Will it happen with Pixel 9 too :)
though I saw the pixel 9 does not have a vapour chamber.

"
What phone should I buy?,Educational-Ad-1160,3,4,https://www.reddit.com/r/GadgetsIndia/comments/1i9jktv/what_phone_should_i_buy/,"Hi! I'm looking for a new phone to buy, but I don't know which one to get. My current phone is a Realme GT Neo 2, and I want to upgrade it. I want good battery life. I don't game a lot on my phone, since I have a Samsung Tab S9 Plus, but I want it to run some simple games when I'm not at home. I don't want the best cameras, but I don't want the worst either; some decent ones are all I need. I need a fast CPU for multitasking and other tasks, a smooth software experience with constant updates, and I don't want it to overheat. Please help me decide; I want to keep it for 1 or 2 years. Country: Romania.
The list of phones I saw that have pretty good specs and are at a good price (I want you to recommend me one of the phones below because they are in my budget, but if you have other recommendations, you can mention them) :
1. Realme Gt 6
2. Xiaomi 14T Pro
3. Honor Magic 5 Pro
4. Google Pixel 8 Pro
5. Oneplus 11"
Is the iPhone 15 worth it in 2025?,Balram24,1,6,https://www.reddit.com/r/GadgetsIndia/comments/1i9oh1u/is_the_iphone_15_worth_it_in_2025/,"Hey everyone,
I‚Äôm thinking of gifting my girlfriend an iPhone and considering the iPhone 15. Do you think it‚Äôll still be worth it in 2025, or should I go for the 15 Pro instead?

Can someone explain the main differences between the iPhone 15 and 15 Pro in simple terms? I want to make sure I get something that‚Äôs worth the money.

Also, what storage size would you recommend? Would 128GB be sufficient, or should I go for 256GB to make it more future-proof?

Thanks in advance for your advice!"
Sim eject tool in Xiaomi pad 7 pack?,Saint_Vintage93,0,5,https://i.redd.it/k8rsh7b7h5fe1.jpeg,Why does it have sim eject tool in the box if it doesn't support SIM?
Need a tablet around 10-15k. What is a good option.,waitforit_legendaddy,2,5,https://www.reddit.com/r/GadgetsIndia/comments/1i9k8um/need_a_tablet_around_1015k_what_is_a_good_option/,Same as above. I just want it for basic studying stuff so I don't want to go for something too expensive. Would actually prefer if it's in the lower end of the range given. Please help
s23+ 265gb variant in 2025?,Sweet_Pattern_8903,1,2,https://www.reddit.com/r/GadgetsIndia/comments/1i9na0m/s23_265gb_variant_in_2025/,"is it too late to go for s23+ in 2025?  
or should I up my budget and go for the s24 or s24+  
Are the 7 years of software updates and AI features(provided by s24) the deal breaker or should I stick with my intial choice s23+.  
Also how different are the cameras? I have heard that s24 and s24+ have beast cameras as good or even better thant the iPhone.?  
is this also the case for s23+ or the cameras not so good?  
Help me pls"
"Recommend best laptop under 80,000",dpndr05,1,1,https://www.reddit.com/r/GadgetsIndia/comments/1i9mssy/recommend_best_laptop_under_80000/,"I need laptop for machine learning, editing and gaming."
Does Samsung A35 use UFS 3.1?,mave7rick,1,4,https://www.reddit.com/r/GadgetsIndia/comments/1i9mh1j/does_samsung_a35_use_ufs_31/,"Hi All,

Does anyone know if Samsung A35 use UFS 3.1?

Please share if it's mentioned anywhere online.

  
Thanks in Advance!"
Good phones in 15k to 18k range,Awkwardpanda001,1,10,https://www.reddit.com/r/GadgetsIndia/comments/1i9mgjy/good_phones_in_15k_to_18k_range/,"Good phones in 15k to 18k range  
I want good ui , camera & battery .  
It should last 3 - 4 yrs

I'm planning to buy from an offline store

I don't play games on phone but I use it to doomscroll , watch movies and series , sometimes edit videos and photos , watch online classes etc.  
How is Samsung A16 ?"
This is the behaviour of some people in our society.,Ordinary_Trip7799,110,57,https://i.redd.it/knarmsb7fxee1.jpeg,"His deleted comment: ""TERI MAA KI ****..."".

I'd kindly ask for a ban."
Which phone to buy,One-Pick-2674,1,3,https://www.reddit.com/r/GadgetsIndia/comments/1i9m8ap/which_phone_to_buy/,"Looking for a phone for my mom. budget - 22k  requirements - decent battery, good camera, good display, decent look, 128gb storage with sd card slot or 256gb if no sd card slot, less bloatware if possible, no curved display and leather back, want to use it for atleast 2-3 years "
Iphone 16 plus or 15 pro max or S25 Ultra,genomew,3,2,https://www.reddit.com/r/GadgetsIndia/comments/1i9h07m/iphone_16_plus_or_15_pro_max_or_s25_ultra/,I am currently using 14 plus. Want to upgrade. Looking to try something new. I am in a services business and have lots of data and apps so need a good storage and battery. 
Wireless earphone required,Own_Safety7,1,1,https://www.reddit.com/r/GadgetsIndia/comments/1i9l7uo/wireless_earphone_required/,"Got a few recommendations so please help me select the better option for my requirement (never bought these before so don't have much knowledge in this) BUDGET 2K FIXED
Oppo enco 2 (how's the anc? Heard the sound quality is best among others but mic sucks?) (plus they're pretty old now in the market)
One plus nord 3
Or any other realme ones (i don't know any in particular)
Features required:
Good battery
Anc (according to the price range at least)
Should be comfortable 
Durable (1-2 saal chalna chahiye)
Dk about anything else in particular 
Open to suggestions "
Bro wtf my phone can connect to LAN cable??üò≠üò≠,AssChucks,54,35,https://v.redd.it/ul67twxi4yee1,
Suggestions,phat_ass666,1,10,https://www.reddit.com/r/GadgetsIndia/comments/1i9l4ra/suggestions/,"Want to buy an iPad with wifi+cellular ,512gb  are non negotiable 

So how can I get the best deal???

(Do have student Id for student discount)"
ZEBRONICS BLITZ C Headphone,ameen_221b,1,3,https://amzn.in/d/e8JwDe9,"Worst Headset for BGMI & Battle Royale Games

Rating: 1/5 stars

Avoid the Zebronics Blitz C headset if you're a serious BGMI or battle royale game player. The microphone quality is extremely poor, with a walkie-talkie-like sound that makes communication with teammates nearly impossible.

The audio quality is equally disappointing, lacking clarity and depth. You'll struggle to pinpoint enemy movements or hear crucial game sounds.

To make matters worse, Zebronics has a strict no-return policy, even if the product is defective or doesn't meet expectations. Be aware that you won't be able to return or exchange this headset.

Save your money and invest in a better-quality gaming headset from a reputable brand with a reasonable return policy."
My Budget is 1 Lakh ‚Äì Which iPhone Should I Buy and Why?,Datingprofile_review,1,16,https://www.reddit.com/r/GadgetsIndia/comments/1i9l15o/my_budget_is_1_lakh_which_iphone_should_i_buy_and/,"Hey everyone,

I‚Äôm planning to buy an iPhone but I‚Äôm a bit confused about which one to choose. My budget is 1 Lakh, and I‚Äôm considering the iPhone 14 Pro, 15 Pro, or 16 Pro. Can anyone recommend which one offers the best value for money in this range? I‚Äôm mainly looking for features like a good camera, durability, and battery life.

Also, if anyone can share a link to buy the iPhone within this budget, that would be super helpful!

Thanks a lot for your help! üôè"
Recommendations for 2 phones,thiccbooklover247,1,7,https://www.reddit.com/r/GadgetsIndia/comments/1i9l0h9/recommendations_for_2_phones/,"I am looking for recommendations for new phones for me and my wife. I currently use S23 and she uses Motorola Edge 40. My preferences are -

- Good camera ( Photos, can compromise with videos )

- Good battery and

- Good UI

For my wife - 

- Good camera ( especially videos as She has a YouTube channel of Kids' art)

- Lightweight

Our budget is in the medium to high range. Help us Kind strangers üòÑ."
What accessories should I get for the Galaxy S25?,episteme_137,3,13,https://i.redd.it/7kxhrz0sq2fe1.jpeg,"I‚Äôm planning to upgrade to the Galaxy S25, which is currently priced at ‚Çπ80,999. With an exchange offer of ‚Çπ14,650 for my Galaxy A51 (used since 2020) and a Credit Card Discount of ‚Çπ7,000, the final price comes down to ‚Çπ59,349.

Since this is a big upgrade for me, I want to make the most of it. What are some must-have accessories I should consider buying along with the phone? I‚Äôd love to hear your recommendations!"
"Considering iPhone 14 Pro, 15 Pro, or 16 Pro ‚Äì Which Offers the Best Value for Money?",Datingprofile_review,1,4,https://www.reddit.com/r/GadgetsIndia/comments/1i9ks6m/considering_iphone_14_pro_15_pro_or_16_pro_which/,"Hey everyone,

I‚Äôm looking to upgrade my phone and I‚Äôm torn between the iPhone 14 Pro, 15 Pro, and 16 Pro. I don‚Äôt need anything too fancy but I‚Äôm looking for solid, everyday features like:

* A good camera
* Durability
* Long battery life

Which one would you recommend for the best value for money? Any thoughts or experiences with these models would be greatly appreciated!

Thanks in advance! üôè"
Which phone to choose from?,Automatic-Fishing-64,3,14,https://www.reddit.com/r/GadgetsIndia/comments/1i9e0x3/which_phone_to_choose_from/,"I have been using a Galaxy note 20 ultra since 2021.The battery has gone to shit and it lags and stutters sometimes[Thank you exynos].The camera has also degraded quite a lot.After careful analysis I have chosen 2 phones.

S25 Ultra-[costing around 147k after pre-book benefits and S care]

Vivo x200 pro-[getting it for 85k and possibly even less].

My requirements are great camera,great screen and a long lasting battery.Ui is secondary as I don't care about customization[I Don't even change wallpapers for years].

Also,if any other devices come to mind do tell."
Touchscreen laptop or tab or laptop,No-Wrongdoer9348,2,12,https://www.reddit.com/r/GadgetsIndia/comments/1i9hez6/touchscreen_laptop_or_tab_or_laptop/,"I want to keep it cost efficient so while I don't have a budget I want the best price possible which is affordable and gives quality. Big storage + big screen + good processing system to be able to handle video editing and rendering etc 

I have editing, graphics etc related minimal work for which I need the tablet like features + since I'm a student, laptop can be used for documentation etc kinds of work which I do from library pc at the moment but it becomes a problem at times.

I used to take a lot of pictures from my camera so I needed laptop to transfer from sd card and organize etc which I did from laptop.

I was confused between tablet or ipad vs laptop then someone suggested the qualities of laptop will be altogether different so why don't I look for touchscreen laptop.

Although I don't have much usage and I would borrow devices from parents or sibling but it's not possible all the time as they're busy or elsewhere.

For tab, I want to keep budget under 35k if possible
For laptop around 50k if possible 
There can be some flexibility + I want to use student id for discount (maybe some bank offer but idts)"
Are there any good android Bluetooth pencils that support Pam rejections?,Suspicious_truecrime,1,1,https://www.reddit.com/r/GadgetsIndia/comments/1i9kfih/are_there_any_good_android_bluetooth_pencils_that/,I want to put my android to use for note taking in class but have found no pencils that support android and palm rejection simultaneously. Let me know if you have any suggestions l.
S25U is worthless?,Who-_I-Am,41,48,https://www.reddit.com/r/GadgetsIndia/comments/1i8wnj6/s25u_is_worthless/,"S25U got 5k mah battery(while other brands are giving 6k minimum) & 45W slow charging (do in box cable support only 25W charging in S25U?), no charger, no bluetooth in spen, Processor is more powerful? No one will notice the ""extra"" power in 8 elite for galaxy. camera & one UI is the only thing that's better rest of the phone is shit. Is it even worth spending 1L+ on such garbage just for camera? "
Is Apple gonna drop Prices of Iphone 16 base this November after the launch of 17 series??,Ok-Ideal6873,0,17,https://i.redd.it/m5v6btgs94fe1.jpeg,"I am planning to buy an iPhone 16 this year, wanted to know that will we any price drops on this phone this year??"
Nord CE 4 vs iqoo z9s pro,Suyash4126,1,12,https://www.reddit.com/r/GadgetsIndia/comments/1i9j70g/nord_ce_4_vs_iqoo_z9s_pro/,Which one to choose i am confused and how is fun touch os compared to oxygen os
Good powerbanks?,prathiik,3,3,https://www.reddit.com/r/GadgetsIndia/comments/1i9dhm9/good_powerbanks/,"Going on a trip including a train journey of 38 hours,so I need suggestions for some good powerbanks "
What‚Äôs in the box - S25 Ultra vs S20 Ultra,pluto_N,166,12,https://i.redd.it/rok5kxoxkvee1.png,
Can you help me choose one,-PanditG,21,23,https://www.reddit.com/gallery/1i8zmci,"Guys i need help purchasing a laptop, only games i play is minecraft and gta that too occasionally like in months. Main purpose of getting a gaming laptop is high usage of solidworks and cfd simulation softwares that I‚Äôll be using for 3d designing. I am mechanical engineering student.

Please give suggestions, preferably HP and max 80K"
best camera phone under 30k,ohayo_Osmic,1,1,https://www.reddit.com/r/GadgetsIndia/comments/1i9itck/best_camera_phone_under_30k/,"need recommendation for buy a phone .

battery should be good .

i do normal gaming .

Should be Most focused in camera "
What is S24 Ultra Enterprise Edition?,Stock-Treacle-9858,1,1,https://www.reddit.com/r/GadgetsIndia/comments/1i9isog/what_is_s24_ultra_enterprise_edition/,"As I have logged in Samsung Shop app, the S24 Ultra Enterprise Edition is cheaper than the Standard Edition but I don't know about Enterprise Edition. "
Curved edge phone with 120 FPS BGMI?,helloguys1110,1,1,https://www.reddit.com/r/GadgetsIndia/comments/1i9ioex/curved_edge_phone_with_120_fps_bgmi/,which phone with good camera+ curve edge and can give 120 fps in bgmi?
Need help in buying XPG Adata SX8200 pro SSD,Batchanman,1,0,https://www.reddit.com/r/GadgetsIndia/comments/1i9im1u/need_help_in_buying_xpg_adata_sx8200_pro_ssd/,"Currently it‚Äôs priced around 4.6k to 5k on different websites.

The question I have is regarding the quality and durability of the SSD.

I‚Äôm okay with it working at lower speed than quoted, but if the drive dies down, it‚Äôs a big concern for me.
Will mostly use it as a data storage by putting it in a enclosure for now but will later install it in a laptop. 

Having DRAM, SLC/TLC caching in that price point is the main reason to consider this, I see no other in my price range.

There are several issues reported online with adata putting cheaper controller or dram in this device.

If someone could share the maker details for controller and dram of this SSD you bought recently in India, it would be of great help. Also please mention where you bought it from.

I recently bought Kioxia Exceria plus g3 SSD, along with a PiBox enclosure, using it to store my personal data for long term."
Oneplus 13r vs  iqoo 13 vs iqoo 12,Left_Set6422,1,2,https://www.reddit.com/r/GadgetsIndia/comments/1i9il2x/oneplus_13r_vs_iqoo_13_vs_iqoo_12/,"Should i really spend like 12k more just to get the iqoo 13? over the oneplus 13r. Performence and software dont matter to me that much as both of them have enough performence i need . Camera also dosent matter to me. I only care about battery and display, Display being the main and only thing i care about . or should i buy the iqoo 12 over them both?"
Getting a deal on S25 with exchange and bank offers.,Used_Sky9173,1,0,https://www.reddit.com/r/GadgetsIndia/comments/1i9i69x/getting_a_deal_on_s25_with_exchange_and_bank/,I am getting S25 in 35K with exchange of my pixel 7 pro(2 Year old) with evaluated value of 30k and bank offers. Should i consider this deal ?
S24 ultra 256gb for 98k a good deal?,Key_Category9164,1,0,https://www.reddit.com/r/GadgetsIndia/comments/1i9i467/s24_ultra_256gb_for_98k_a_good_deal/,
This is Nord 4 detailed review,InformalPublic2941,66,12,https://i.redd.it/u9o6ddi9lwee1.jpeg,"For people who are confused about this phone 
I will try to explain about this phone. Point by point.
[Build quality]- phone feels premium while holding looks very good because of its metal body design. It has got alert slider very usefull it has got nfc and it blaster too.
[Haptics and speaker]- haptics are very good well integrated with system. Speakers are good i will say.
[Display]- Display is good with good colours and is sharp with its 1.5k display (but problem is I feel hbm could be better brightness should have been more)
Performance and ui - performance is good for price I will say and ui is very smooth with good animations but I have noticed one thing is that this phone tends to kill background app. I hope it gets fixed.
Camera- camera is good not the best in the segment there are other phones if u want phone specially for camera still it is good photos are sharp.selfie is average or above average. And there is no macro lense.
[BATTERY]- battery is really good first i thought battery was draining fast but after using it got optimised.
In short if u can get this phone under 25k it's worth the money it's a total package it's allrounder phone."
